ID,Industry,Age,Sex,Are you a First Nation member?,Education,years,days,workhours,rechours,"Work (office) postal code? First three digits only: (if you are uncomfortable with, or do not know the postal code, please include the region instead)",OffSite,INSPQriskOFF,"Work (site - outdoors) postal code? First three digits only: (if you are uncomfortable with, or do not know the postal code, please include the region instead)",OnSite,INSPQriskON,RiskScore,RegionOFF
E1,Unknown,25-34 years,Female,No,"University certificate, diploma or degree at the undergraduate level (bachelor's degree, etc.) ",0-3 years,4-5 days ,more than 7 hours,more than 7 hours,H2L,Montréal,2.5,Monteregie,Montérégie,2,12,Montérégie
E10,Forestry,25-34 years,Female,No,"University certificate, diploma or degree at the undergraduate level (bachelor's degree, etc.) ",0-3 years,4-5 days ,0-3 hours,4-7 hours,Ange-Gardien (Outaouais),Ange-Gardien,2,Outaouais-Laurentides,Multiple,2,15,Multiple
E11,Maintenance,18-24 years,Female,No,High school diploma or equivalent (D.E.S.) ,0-3 years,4-5 days ,4-7 hours,more than 7 hours,J3G,Beloeil,1,J3G,Beloeil,1,8.5,Montérégie
E12,Maintenance,18-24 years,Female,No,"Certificate or diploma from a college, CEGEP or other institution other than university (D.E.C.)",0-3 years,4-5 days ,4-7 hours,4-7 hours,J3G,Beloeil,1,J3G,Beloeil,1,9,Montérégie
E13,Maintenance,18-24 years,Male,No,"University certificate, diploma or degree at the undergraduate level (bachelor's degree, etc.) ",0-3 years,4-5 days ,4-7 hours,4-7 hours,Mont Saint Hilaire,Mont-Saint-Hilaire,3,Mont Saint Hilaire,Mont Saint Hilaire,3,8.5,Montérégie
E14,Environment,18-24 years,Male,No,"Certificate or diploma from a college, CEGEP or other institution other than university (D.E.C.)",0-3 years,4-5 days ,4-7 hours,4-7 hours,J8H,Lachute,2,Laurentians,Laurentides,1.5,10,Laurentides
E15,Forestry,35-44 years ,Female,No,"Certificate or diploma from a college, CEGEP or other institution other than university (D.E.C.)",8+ years,4-5 days ,4-7 hours,4-7 hours,j1a,Coaticook,2,estrie,Estrie,2,13.5,Estrie
E16,Forestry,55+ years ,Male,No,"University certificate, diploma or degree at the undergraduate level (bachelor's degree, etc.) ",8+ years,4-5 days ,0-3 hours,4-7 hours,J0E1V0 ,Knowlton,3,J0E,Brome-Missisquoi,2,12,Estrie
E3,Recreation,55+ years ,Male,No,"University certificate, diploma or degree at the undergraduate level (bachelor's degree, etc.) ",0-3 years,1-3 days,0-3 hours,4-7 hours,Shefford,Shefford,3,Shefford,Shefford,3,7,Estrie
E4,Recreation,45-54 years,Female,No,postgraduate degree,4-7 years,1-3 days,0-3 hours,more than 7 hours,Estrie,Estrie,2,Estrie,Estrie,2,9,Estrie
E5,Environment,25-34 years,Female,No,postgraduate degree,4-7 years,6-7 days,4-7 hours,more than 7 hours,J0V,Argenteuil,2,J0V,Argenteuil,2,15,Laurentides
E6,Biology,35-44 years ,Male,No,postgraduate degree,8+ years,4-5 days ,0-3 hours,0-3 hours,J2G,Granby,3,Montérégie,Montérégie,2,7.5,Montérégie
E7,Recreation,45-54 years,Male,No,postgraduate degree,4-7 years,4-5 days ,more than 7 hours,0-3 hours,Eastern Townships ,Estrie ,2,Eastern Townships ,Estrie ,2,15.5,Estrie
E8,Biology,25-34 years,Female,No,"Certificate or diploma from a college, CEGEP or other institution other than university (D.E.C.)",4-7 years,4-5 days ,more than 7 hours,more than 7 hours,J8E,Mont-Tremblant,1,Mont-Tremblant,Mont-Tremblant,1,9.5,Laurentides
E9,Recreation,25-34 years,Male,No,"Certificate or diploma from a college, CEGEP or other institution other than university (D.E.C.)",0-3 years,4-5 days ,4-7 hours,4-7 hours,J1H,Sherbrooke,3,"All around Estrie, Qc, Canada",Estrie,2,7.5,Estrie
F10,Unknown,25-34 years ,Female,No,postgraduate degree,0-3 years,4-5 days ,4-7 hours,4-7 hours,Gaspé,Gaspé,1,Percé,Percé,1,5,Gaspésie–Îles-de-la-Madeleine
F100,Forestry,18-24 years,Male,No,Certificate or diploma from a trade school (D.E.P.),4-7 years ,4-5 days ,more than 7 hours,4-7 hours,J6E,Joliette,2,,Joliette,2,8,Lanaudière
F101,Environment,25-34 years ,Female,No,postgraduate degree,0-3 years,4-5 days ,more than 7 hours,4-7 hours,Montréal,Montréal,2.5,"Richelieu-Yamaska, Haut-Saint-Laurent",Montérégie,3,14,Montérégie
F102,Environment,25-34 years ,Female,No,"Certificate or diploma from a college, CEGEP or other institution other than university (D.E.C.)",0-3 years,4-5 days ,4-7 hours,4-7 hours,J6E,Joliette,2,Lanaudière,Lanaudière,1.5,10,Lanaudière
F103,Biology,35-44 years ,Male,No,"Certificate or diploma from a college, CEGEP or other institution other than university (D.E.C.)",8+ years,4-5 days ,4-7 hours,more than 7 hours,J8E,Mont-Tremblant,1,Laurentides,Laurentides,1.5,8,Laurentides
F104,Environment,55+ years ,Female,No,"Certificate or diploma from a college, CEGEP or other institution other than university (D.E.C.)",8+ years,4-5 days ,more than 7 hours,4-7 hours,j2k 3t5,Cowansville,3,montérégie,Montérégie,2,11,Montérégie
F105,Environment,35-44 years ,Female,No,postgraduate degree,8+ years,1-3 days,more than 7 hours,more than 7 hours,H2L,Montréal,2.5,Montérégie,Montérégie,2,13.5,Montérégie
F106,Biology,25-34 years ,Female,No,"University certificate, diploma or degree at the undergraduate level (bachelor's degree, etc.) ",0-3 years,4-5 days ,4-7 hours,more than 7 hours,G1H,Quebec City,2,Charlevoix - Portneuf - Chaudière-Appalaches,Multiple,2,14,Multiple
F107,Forestry,25-34 years ,Male,No,"Certificate or diploma from a college, CEGEP or other institution other than university (D.E.C.)",4-7 years ,1-3 days,4-7 hours,4-7 hours,G0P 1A0,Ham-Nord,1,,Ham-Nord,1,5,Mauricie et Centre-du-Québec
F108,Maintenance,45-54 years ,Male,No,"Certificate or diploma from a college, CEGEP or other institution other than university (D.E.C.)",8+ years,4-5 days ,0-3 hours,4-7 hours,J3y,Longueuil,3,J3y,Longueuil,3,10.5,Montérégie
F109,Environment,35-44 years ,Female,No,"Certificate or diploma from a college, CEGEP or other institution other than university (D.E.C.)",0-3 years,4-5 days ,4-7 hours,4-7 hours,J3G,Beloeil,1,,Beloeil,1,13,Montérégie
F11,Environment,55+ years ,Male,No,"University certificate, diploma or degree at the undergraduate level (bachelor's degree, etc.) ",0-3 years,4-5 days ,4-7 hours,0-3 hours,J0E 2K0,Sutton,3,J0E 2K0,Sutton,3,14,Estrie
F110,Environment,35-44 years ,Female,No,"Certificate or diploma from a college, CEGEP or other institution other than university (D.E.C.)",8+ years,4-5 days ,4-7 hours,4-7 hours,Trois-Rivières,Trois-Rivières,2,Mauricie et Centre-du-Québec,,2,11,Mauricie et Centre-du-Québec
F111,Forestry,55+ years ,Male,No,"University certificate, diploma or degree at the undergraduate level (bachelor's degree, etc.) ",8+ years,4-5 days ,4-7 hours,4-7 hours,J0E,Brome-Missisquoi,2,J0E,Brome-Missisquoi,2,14,Estrie
F112,Forestry,25-34 years ,Male,No,"University certificate, diploma or degree at the undergraduate level (bachelor's degree, etc.) ",4-7 years ,4-5 days ,4-7 hours,4-7 hours,G6B,Le Granit,1.5,Estrie-Montérégie,Multiple,2,15,Multiple
F113,Unknown,25-34 years ,Female,No,postgraduate degree,0-3 years,4-5 days ,4-7 hours,more than 7 hours,G0R,Sainte-Euphémie-sur-Rivière-du-Sud,1,G0R,Sainte-Euphémie-sur-Rivière-du-Sud,1,8,Chaudière-Appalaches
F114,Forestry,45-54 years ,Male,No,"Certificate or diploma from a college, CEGEP or other institution other than university (D.E.C.)",4-7 years ,4-5 days ,4-7 hours,more than 7 hours,g6b,Le Granit,1.5,,Le Granit,1.5,8.5,Estrie
F115,Unknown,25-34 years ,Male,No,postgraduate degree,0-3 years,4-5 days ,4-7 hours,4-7 hours,H2L,Montréal,2.5,J0L,Roussillon,2,20.5,Montérégie
F117,Recreation,45-54 years ,Male,No,"University certificate, diploma or degree at the undergraduate level (bachelor's degree, etc.) ",8+ years,4-5 days ,4-7 hours,more than 7 hours,G3C,Stoneham-et-Tewkesbury,1,G3C,Stoneham-et-Tewkesbury,1,7.5,Capitale Nationale
F118,Biology,45-54 years ,Male,No,postgraduate degree,0-3 years,4-5 days ,0-3 hours,4-7 hours,J4K 2T5,Longueuil,3,Montérégie,Montérégie,2,6,Montérégie
F119,Education,45-54 years ,Male,No,"University certificate, diploma or degree at the undergraduate level (bachelor's degree, etc.) ",8+ years,4-5 days ,4-7 hours,more than 7 hours,g0j1j0,Causapscal,1,g0j,La Haute-Gaspésie,1,14.5,Gaspésie–Îles-de-la-Madeleine
F12,Unknown,25-34 years ,Male,No,postgraduate degree,0-3 years,4-5 days ,4-7 hours,4-7 hours,J3G,Beloeil,1,,Beloeil,1,13,Montérégie
F120,Government,45-54 years ,Male,No,"Certificate or diploma from a college, CEGEP or other institution other than university (D.E.C.)",4-7 years ,4-5 days ,4-7 hours,4-7 hours,g3c,Stoneham-et-Tewkesbury,1,g3c,Stoneham-et-Tewkesbury,1,11.5,Capitale Nationale
F121,Government,55+ years ,Male,No,"Certificate or diploma from a college, CEGEP or other institution other than university (D.E.C.)",8+ years,4-5 days ,4-7 hours,4-7 hours,G3C,Stoneham-et-Tewkesbury,1,G3C,Stoneham-et-Tewkesbury,1,5.5,Capitale Nationale
F122,Forestry,35-44 years ,Female,No,Certificate or diploma from a trade school (D.E.P.),8+ years,4-5 days ,more than 7 hours,4-7 hours,Lac-Mégantic,Lac-Megantic,2,Région du Granit,Le Granit,1.5,9.5,Estrie
F123,Forestry,25-34 years ,Female,No,"University certificate, diploma or degree at the undergraduate level (bachelor's degree, etc.) ",8+ years,4-5 days ,4-7 hours,more than 7 hours,G8Z,Trois-Rivières,2,,Trois-Rivières,2,10,Mauricie et Centre-du-Québec
F124,Forestry,45-54 years ,Male,No,"Certificate or diploma from a college, CEGEP or other institution other than university (D.E.C.)",8+ years,1-3 days,4-7 hours,more than 7 hours,J1H,Sherbrooke,3,J1H,Sherbrooke,3,12.5,Estrie
F125,Biology,35-44 years ,Female,No,postgraduate degree,,4-5 days ,more than 7 hours,4-7 hours,j4k,Longueuil,3,Montérégie,Montérégie,2,16,Montérégie
F126,Forestry,25-34 years ,Male,No,postgraduate degree,4-7 years ,4-5 days ,0-3 hours,4-7 hours,G0m,Saint-Georges,2,,Saint-Georges,2,13,Chaudière-Appalaches
F127,Unknown,35-44 years ,Female,No,"University certificate, diploma or degree at the undergraduate level (bachelor's degree, etc.) ",8+ years,4-5 days ,more than 7 hours,more than 7 hours,G0K,Bas-Saint-Laurent,1,Bas-Saint-Laurent,Bas-Saint-Laurent,1,9,Bas-Saint-Laurent
F128,Biology,55+ years ,Male,No,"Certificate or diploma from a college, CEGEP or other institution other than university (D.E.C.)",8+ years,4-5 days ,more than 7 hours,more than 7 hours,G0C,Gaspésie--Îles-de-la-Madeleine,1,Péninsule Gaspésienne,Gaspésie--Îles-de-la-Madeleine,1,6.5,Gaspésie–Îles-de-la-Madeleine
F129,Forestry,25-34 years ,Female,No,"University certificate, diploma or degree at the undergraduate level (bachelor's degree, etc.) ",0-3 years,4-5 days ,0-3 hours,4-7 hours,G0R 3M0,Saint-Magloire,1,G0R - CHAUDIÈRES-APPALACHES,Chaudière-Appalaches,1.5,7.5,Chaudière-Appalaches
F13,Environment,25-34 years ,Female,No,"University certificate, diploma or degree at the undergraduate level (bachelor's degree, etc.) ",0-3 years,4-5 days ,0-3 hours,more than 7 hours,G4X,Gaspé,1,G4X,Gaspé,1,5.5,Gaspésie–Îles-de-la-Madeleine
F130,Biology,25-34 years ,Female,No,postgraduate degree,0-3 years,4-5 days ,0-3 hours,4-7 hours,Montréal,Montréal,2.5,Montréal-Estrie-Chaudière-Appalaches,Multiple,2,8.5,Multiple
F131,Forestry,25-34 years ,Male,No,"Certificate or diploma from a college, CEGEP or other institution other than university (D.E.C.)",8+ years,6-7 days,more than 7 hours,4-7 hours,G1S,Quebec City,2,Forêt Québecoise,Multiple,2,16,Multiple
F132,Forestry,35-44 years ,Male,No,"Certificate or diploma from a college, CEGEP or other institution other than university (D.E.C.)",8+ years,4-5 days ,more than 7 hours,more than 7 hours,G1S,Quebec City,2,FORET QUEBEC,Multiple,2,5.5,Multiple
F133,Forestry,35-44 years ,Male,No,"Certificate or diploma from a college, CEGEP or other institution other than university (D.E.C.)",8+ years,4-5 days ,4-7 hours,more than 7 hours,G0R,Sainte-Euphémie-sur-Rivière-du-Sud,1,G0R,Sainte-Euphémie-sur-Rivière-du-Sud,1,7,Chaudière-Appalaches
F134,Unknown,25-34 years ,Female,No,postgraduate degree,0-3 years,4-5 days ,4-7 hours,more than 7 hours,G1R,Quebec City,2,Chaudière-Appalaches et Estrie,Multiple,2,5.5,Multiple
F135,Biology,45-54 years ,Female,No,postgraduate degree,8+ years,4-5 days ,4-7 hours,4-7 hours,G1E,Quebec City,2,Côte-de-Beaupré et Charlevoix,Multiple,2,3.5,Multiple
F136,Forestry,45-54 years ,Male,No,"Certificate or diploma from a college, CEGEP or other institution other than university (D.E.C.)",8+ years,4-5 days ,0-3 hours,more than 7 hours,J1S,Windsor,2,Estrie,Estrie,2,9.5,Estrie
F137,Forestry,55+ years ,Male,No,"Certificate or diploma from a college, CEGEP or other institution other than university (D.E.C.)",8+ years,4-5 days ,0-3 hours,more than 7 hours,J1S3A7,Windsor,2,J1S3A7,Windsor,2,15,Estrie
F139,Forestry,35-44 years ,Male,No,"Certificate or diploma from a college, CEGEP or other institution other than university (D.E.C.)",8+ years,4-5 days ,more than 7 hours,more than 7 hours,G1S,Quebec City,2,"Mauricie, Capitale-Nationale, Côte-Nord, Gaspésie",Multiple,2,3,Multiple
F14,Biology,25-34 years ,Female,No,"University certificate, diploma or degree at the undergraduate level (bachelor's degree, etc.) ",0-3 years,4-5 days ,4-7 hours,4-7 hours,J0E,Brome-Missisquoi,2,,Brome-Missisquoi,2,15,Estrie
F140,Forestry,25-34 years ,Male,No,"Certificate or diploma from a college, CEGEP or other institution other than university (D.E.C.)",8+ years,4-5 days ,more than 7 hours,more than 7 hours,g0r,Saint-Magloire,1,"Latuque, montérigie, estrie, beauce et centre du quebec",Multiple,2,10.5,Multiple
F141,Forestry,25-34 years ,Male,Yes,"Certificate or diploma from a college, CEGEP or other institution other than university (D.E.C.)",0-3 years,4-5 days ,more than 7 hours,more than 7 hours,G0A,Quebec City,2,Capitale Nationale,Capitale Nationale,1.5,15.5,Capitale Nationale
F142,Forestry,25-34 years ,Male,No,"Certificate or diploma from a college, CEGEP or other institution other than university (D.E.C.)",0-3 years,4-5 days ,4-7 hours,more than 7 hours,j1s3a7,Windsor,2,estrie,Estrie,2,7,Estrie
F143,Biology,35-44 years ,Male,No,"Certificate or diploma from a college, CEGEP or other institution other than university (D.E.C.)",8+ years,4-5 days ,4-7 hours,4-7 hours,G4X,Gaspé,1,Région de la Gaspésie au complet,Gaspésie--Îles-de-la-Madeleine,1,5.5,Gaspésie–Îles-de-la-Madeleine
F144,Forestry,35-44 years ,Male,No,"University certificate, diploma or degree at the undergraduate level (bachelor's degree, etc.) ",8+ years,4-5 days ,more than 7 hours,more than 7 hours,J9Z,La Sarre,1,ABITIBI,Abitibi-Témiscamingue,1,6.5,Abitibi-Témiscamingue
F145,Unknown,25-34 years ,Male,No,postgraduate degree,0-3 years,4-5 days ,4-7 hours,more than 7 hours,J9A,Gatineau,3,JOX,Pontiac,2.5,14.5,Outaouais
F146,Maintenance,35-44 years ,Male,No,Certificate or diploma from a trade school (D.E.P.),8+ years,4-5 days ,more than 7 hours,more than 7 hours,G5J,Amqui,1,Gaspesie,Gaspesie,1,12,Gaspésie–Îles-de-la-Madeleine
F147,Forestry,25-34 years ,Male,No,"University certificate, diploma or degree at the undergraduate level (bachelor's degree, etc.) ",4-7 years ,4-5 days ,0-3 hours,0-3 hours,J5T,Lavaltrie,1,Montérégie,Montérégie,2,16.5,Montérégie
F148,Environment,25-34 years ,Male,No,"University certificate, diploma or degree at the undergraduate level (bachelor's degree, etc.) ",4-7 years ,4-5 days ,4-7 hours,4-7 hours,J2G,Granby,3,J2G,Granby,3,13,Estrie
F149,Education,35-44 years ,Male,No,"University certificate, diploma or degree at the undergraduate level (bachelor's degree, etc.) ",8+ years,6-7 days,4-7 hours,more than 7 hours,G6B,Le Granit,1.5,Surtout dans les forêts de la MRC du Granit.,Le Granit,1.5,8.5,Estrie
F15,Education,45-54 years ,Female,No,postgraduate degree,8+ years,4-5 days ,more than 7 hours,more than 7 hours,J0E 2K0,Sutton,3,J0E 2K0,Sutton,3,8,Estrie
F150,Forestry,55+ years ,Male,No,"University certificate, diploma or degree at the undergraduate level (bachelor's degree, etc.) ",8+ years,1-3 days,0-3 hours,more than 7 hours,G3Z,Baie-Saint-Paul,1,G3Z,Baie-Saint-Paul,1,8,Capitale Nationale
F151,Forestry,55+ years ,Male,No,"Certificate or diploma from a college, CEGEP or other institution other than university (D.E.C.)",8+ years,1-3 days,4-7 hours,4-7 hours,G9N,Shawinigan,2,"G0X, J0K",Multiple,2,8.5,Multiple
F152,Forestry,55+ years ,Male,No,"Certificate or diploma from a college, CEGEP or other institution other than university (D.E.C.)",8+ years,1-3 days,4-7 hours,more than 7 hours,J8H,Lachute,2,Laurentides,Laurentides,1.5,16,Laurentides
F153,Forestry,55+ years ,Male,No,"University certificate, diploma or degree at the undergraduate level (bachelor's degree, etc.) ",8+ years,4-5 days ,4-7 hours,4-7 hours,Estrie,Estrie,2,Estrie,Estrie,2,6.5,Estrie
F154,Forestry,35-44 years ,Female,No,High school diploma or equivalent (D.E.S.) ,8+ years,4-5 days ,more than 7 hours,more than 7 hours,G4V,Sainte-Anne-des-Monts,1,Haute-Gaspésie,Haute-Gaspésie,1,15.5,Gaspésie–Îles-de-la-Madeleine
F155,Unknown,35-44 years ,Female,No,"Certificate or diploma from a college, CEGEP or other institution other than university (D.E.C.)",8+ years,4-5 days ,0-3 hours,more than 7 hours,Abitibi,Abitibi-Témiscamingue,1,"Abitibi, Laurentides et Outaouais",Multiple,2,4.5,Multiple
F156,Government,55+ years ,Male,No,"Certificate or diploma from a college, CEGEP or other institution other than university (D.E.C.)",4-7 years ,4-5 days ,4-7 hours,more than 7 hours,G3C,Stoneham-et-Tewkesbury,1,G3C,Stoneham-et-Tewkesbury,1,12,Capitale Nationale
F157,Forestry,25-34 years ,Male,No,"Certificate or diploma from a college, CEGEP or other institution other than university (D.E.C.)",4-7 years ,4-5 days ,4-7 hours,4-7 hours,J1S,Saint-Claude,1,J1S,Saint-Claude,1,11.5,Estrie
F158,Biology,45-54 years ,Female,No,"University certificate, diploma or degree at the undergraduate level (bachelor's degree, etc.) ",8+ years,4-5 days ,4-7 hours,more than 7 hours,J6A4X6,Repentigny,1,,Repentigny,1,8,Lanaudière
F159,Biology,55+ years ,Male,No,"University certificate, diploma or degree at the undergraduate level (bachelor's degree, etc.) ",0-3 years,4-5 days ,4-7 hours,0-3 hours,J0E 2K0 ,Sutton,3,Réserve Naturelle des Montagnes Vertes Sutton / Bolton / Mansonville,Estrie,2,13.5,Estrie
F16,Environment,55+ years ,Male,No,"University certificate, diploma or degree at the undergraduate level (bachelor's degree, etc.) ",4-7 years ,1-3 days,0-3 hours,4-7 hours,J2L,Bromont,3,J2L,Bromont,3,14.5,Estrie
F160,Biology,35-44 years ,Female,No,postgraduate degree,8+ years,4-5 days ,0-3 hours,more than 7 hours,J1E,Sherbrooke,3,Estrie,Estrie,2,7.5,Estrie
F161,Forestry,55+ years ,Male,No,High school diploma or equivalent (D.E.S.) ,8+ years,4-5 days ,more than 7 hours,more than 7 hours,Ste-Anne-des-Monts ,Sainte-Anne-des-Monts ,1,Ste-Anne dès monts,Sainte-Anne-des-Monts ,1,13.5,Gaspésie–Îles-de-la-Madeleine
F162,Forestry,25-34 years ,Male,No,"Certificate or diploma from a college, CEGEP or other institution other than university (D.E.C.)",4-7 years ,4-5 days ,more than 7 hours,more than 7 hours,G4V,Sainte-Anne-des-Monts ,1,Gaspésie,Gaspésie,1,8.5,Gaspésie–Îles-de-la-Madeleine
F163,Education,25-34 years ,Female,No,"University certificate, diploma or degree at the undergraduate level (bachelor's degree, etc.) ",0-3 years,4-5 days ,0-3 hours,more than 7 hours,G4V,Sainte-Anne-des-Monts ,1,G4V,Sainte-Anne-des-Monts ,1,4.5,Gaspésie–Îles-de-la-Madeleine
F164,Forestry,55+ years ,Female,No,"Certificate or diploma from a college, CEGEP or other institution other than university (D.E.C.)",8+ years,4-5 days ,4-7 hours,0-3 hours,G0J,Bas-Saint-Laurent,1,Pareil,Bas-Saint-Laurent,1,4,Bas-Saint-Laurent
F165,Environment,25-34 years ,Female,No,"University certificate, diploma or degree at the undergraduate level (bachelor's degree, etc.) ",0-3 years,4-5 days ,more than 7 hours,more than 7 hours,montreal,Montréal,2.5,Laurentides et Outaouais,Multiple,2,12,Multiple
F166,Biology,45-54 years ,Male,No,"Certificate or diploma from a college, CEGEP or other institution other than university (D.E.C.)",8+ years,4-5 days ,4-7 hours,4-7 hours,G4V1C5,Sainte-Anne-des-Monts,1,région de la Gaspésie,Gaspésie,1,9,Gaspésie–Îles-de-la-Madeleine
F167,Forestry,45-54 years ,Male,No,Certificate or diploma from a trade school (D.E.P.),8+ years,6-7 days,more than 7 hours,4-7 hours,G0P ,Arthabaska,1.5,J0A,Arthabaska,1.5,13.5,Mauricie et Centre-du-Québec
F168,Forestry,35-44 years ,Male,No,Certificate or diploma from a trade school (D.E.P.),4-7 years ,4-5 days ,more than 7 hours,more than 7 hours,G0P,Arthabaska,1.5,ESTRIE,Estrie,2,13,Estrie
F169,Environment,35-44 years ,Female,No,"University certificate, diploma or degree at the undergraduate level (bachelor's degree, etc.) ",4-7 years ,4-5 days ,4-7 hours,4-7 hours,g4v,Sainte-Anne-des-Monts ,1,g4v,Sainte-Anne-des-Monts ,1,8.5,Gaspésie–Îles-de-la-Madeleine
F17,Agriculture,55+ years ,Female,No,postgraduate degree,8+ years,1-3 days,more than 7 hours,4-7 hours,J0J1C0,Frelighsburg,3,J)J1C0,Frelighsburg,3,13.5,Estrie
F170,Education,45-54 years ,Female,No,"University certificate, diploma or degree at the undergraduate level (bachelor's degree, etc.) ",8+ years,4-5 days ,more than 7 hours,more than 7 hours,G5T 1L3,Degelis,1,G5T 1T7,Degelis,1,10.5,Bas-Saint-Laurent
F171,Biology,45-54 years ,Male,No,"Certificate or diploma from a college, CEGEP or other institution other than university (D.E.C.)",8+ years,4-5 days ,0-3 hours,more than 7 hours,G1H6R1,Quebec City,2,Charlevoix,Charlevoix,1,8.5,Capitale Nationale
F172,Biology,25-34 years ,Female,No,postgraduate degree,0-3 years,4-5 days ,4-7 hours,more than 7 hours,J0T,Laurentides-Nord,1,J0T,Laurentides-Nord,1,7.5,Laurentides
F173,Forestry,55+ years ,Male,No,"Certificate or diploma from a college, CEGEP or other institution other than university (D.E.C.)",8+ years,4-5 days ,4-7 hours,0-3 hours,G0R,Sainte-Euphémie-sur-Rivière-du-Sud,1,G0R,Sainte-Euphémie-sur-Rivière-du-Sud,1,11.5,Chaudière-Appalaches
F174,Maintenance,45-54 years ,Female,No,"Certificate or diploma from a college, CEGEP or other institution other than university (D.E.C.)",8+ years,4-5 days ,4-7 hours,more than 7 hours,Estrie,Estrie,2,Estrie,Estrie,2,12.5,Estrie
F175,Environment,25-34 years ,Male,No,"Certificate or diploma from a college, CEGEP or other institution other than university (D.E.C.)",4-7 years ,4-5 days ,more than 7 hours,more than 7 hours,G3C,Stoneham-et-Tewkesbury,1,G3C,Stoneham-et-Tewkesbury,1,4,Capitale Nationale
F176,Forestry,35-44 years ,Female,No,Certificate or diploma from a trade school (D.E.P.),4-7 years ,4-5 days ,more than 7 hours,more than 7 hours,G0J1M0,Lac-au-Saumon,1,,Lac-au-Saumon,1,6.5,Bas-Saint-Laurent
F177,Forestry,55+ years ,Male,No,"Certificate or diploma from a college, CEGEP or other institution other than university (D.E.C.)",8+ years,4-5 days ,4-7 hours,4-7 hours,G0R,Sainte-Euphémie-sur-Rivière-du-Sud,1,G0R,Sainte-Euphémie-sur-Rivière-du-Sud,1,7.5,Chaudière-Appalaches
F178,Forestry,25-34 years ,Female,No,"Certificate or diploma from a college, CEGEP or other institution other than university (D.E.C.)",4-7 years ,4-5 days ,more than 7 hours,more than 7 hours,J0V,Gore,1,Outaouais/Laurentides,Multiple,2,15,Multiple
F179,Biology,25-34 years ,Male,No,"Certificate or diploma from a college, CEGEP or other institution other than university (D.E.C.)",4-7 years ,4-5 days ,0-3 hours,more than 7 hours,G6X,Lévis,2,chaudière-appalache et capitale-nationale,Multiple,2,8,Multiple
F18,Recreation,55+ years ,Female,No,postgraduate degree,0-3 years,1-3 days,0-3 hours,more than 7 hours,J2n,Farnham,3,J2n,Farnham,3,11.5,Estrie
F180,Environment,25-34 years ,,No,postgraduate degree,0-3 years,4-5 days ,4-7 hours,more than 7 hours,Lanaudière,Lanaudière,1.5,Lanaudière,Lanaudière,1.5,11,Lanaudière
F19,Unknown,25-34 years ,Female,No,postgraduate degree,4-7 years ,4-5 days ,0-3 hours,4-7 hours,J2L,Bromont,3,,Bromont,3,12.5,Estrie
F2,Unknown,35-44 years ,Male,No,postgraduate degree,4-7 years ,1-3 days,4-7 hours,more than 7 hours,Montréal,Montréal,2.5,Estrie,Estrie,2,10,Estrie
F20,Environment,35-44 years ,Female,No,"University certificate, diploma or degree at the undergraduate level (bachelor's degree, etc.) ",8+ years,1-3 days,0-3 hours,4-7 hours,J0E,Brome-Missisquoi,2,J0E,Brome-Missisquoi,2,15,Estrie
F21,Biology,35-44 years ,Female,No,"University certificate, diploma or degree at the undergraduate level (bachelor's degree, etc.) ",4-7 years ,4-5 days ,4-7 hours,4-7 hours,J0E,Brome-Missisquoi,2,"Très variable. On se déplace un peu partout en Estrie/Montérégie, genre approximativement de Magog à Granby (est en ouest), et des lignes américaines à Valcourt (du nord au sud).",Multiple,2,9.5,Multiple
F22,Biology,35-44 years ,Female,No,postgraduate degree,8+ years,4-5 days ,0-3 hours,4-7 hours,Montréal,Montréal,2.5,"Montérégie, Estrie, Outaouais, Laurentides, Montréal",Multiple,2,8,Multiple
F23,Recreation,55+ years ,Female,No,High school diploma or equivalent (D.E.S.) ,4-7 years ,1-3 days,0-3 hours,0-3 hours,J2M,Shefford,3,,Shefford,3,10.5,Estrie
F24,Biology,25-34 years ,Female,No,postgraduate degree,4-7 years ,4-5 days ,0-3 hours,0-3 hours,J2G,Granby,3,J2G,Granby,3,12,Estrie
F25,Unknown,55+ years ,Male,No,postgraduate degree,4-7 years ,1-3 days,0-3 hours,more than 7 hours,j2m,Shefford,3,j2m,Shefford,3,9.5,Estrie
F26,Recreation,55+ years ,Male,No,"University certificate, diploma or degree at the undergraduate level (bachelor's degree, etc.) ",4-7 years ,1-3 days,4-7 hours,more than 7 hours,J2M,Shefford,3,Shefford,Shefford,3,12.5,Estrie
F27,Recreation,55+ years ,Male,No,"University certificate, diploma or degree at the undergraduate level (bachelor's degree, etc.) ",0-3 years,1-3 days,0-3 hours,4-7 hours,J4P,Saint-Lambert,1,J2M,Shefford,3,15,Estrie
F28,Agriculture,35-44 years ,Male,No,"Certificate or diploma from a college, CEGEP or other institution other than university (D.E.C.)",8+ years,4-5 days ,4-7 hours,0-3 hours,H3C,Montréal,2.5,,Montréal,2.5,8.5,Montréal
F29,Biology,25-34 years ,,No,postgraduate degree,4-7 years ,4-5 days ,4-7 hours,more than 7 hours,J0E,Brome-Missisquoi,2,J0E,Brome-Missisquoi,2,17.5,Estrie
F3,Unknown,25-34 years ,Female,No,postgraduate degree,0-3 years,4-5 days ,0-3 hours,more than 7 hours,G1R,Quebec City,2,"Québec, Chaudière-Appalaches, Estrie",Multiple,2,8.5,Multiple
F30,Maintenance,25-34 years ,Male,No,"Certificate or diploma from a college, CEGEP or other institution other than university (D.E.C.)",4-7 years ,4-5 days ,0-3 hours,0-3 hours,J2G,Granby,3,Estrie / Montérégie,Multiple,2,10,Multiple
F31,Biology,25-34 years ,Male,No,"University certificate, diploma or degree at the undergraduate level (bachelor's degree, etc.) ",4-7 years ,4-5 days ,4-7 hours,4-7 hours,J1N 1H4,Sherbrooke,3,Majoritairement l'Estrie,Estrie,2,14.5,Estrie
F32,Biology,25-34 years ,Female,No,"University certificate, diploma or degree at the undergraduate level (bachelor's degree, etc.) ",4-7 years ,4-5 days ,4-7 hours,more than 7 hours,J2G,Granby,3,,Granby,3,9,Estrie
F33,Maintenance,18-24 years,Female,Yes,"Certificate or diploma from a college, CEGEP or other institution other than university (D.E.C.)",0-3 years,4-5 days ,more than 7 hours,more than 7 hours,J2G 3V3,Granby,3,,Granby,3,8.5,Estrie
F34,Biology,25-34 years ,Female,No,postgraduate degree,4-7 years ,4-5 days ,4-7 hours,4-7 hours,J2G,Granby,3,"Bassin versant de la rivière Yamaska, mais beaucoup plus dans les MRC d'Acton, Maskoutains, Haute-Yamaska et Brome-Missisquoi",Multiple,2,16,Multiple
F35,Biology,25-34 years ,Female,No,postgraduate degree,4-7 years ,4-5 days ,0-3 hours,4-7 hours,J2H 0Y6,Granby,3,Très varié,Multiple,2,17,Multiple
F36,Environment,25-34 years ,Male,No,postgraduate degree,0-3 years,4-5 days ,4-7 hours,4-7 hours,J9A,Gatineau,3,MRC Pontiac (Bristol et Clarendon),Pontiac,2.5,12.5,Outaouais
F37,Forestry,55+ years ,Male,No,postgraduate degree,8+ years,4-5 days ,0-3 hours,0-3 hours,G1V,Quebec City,2,Outaouais,Outaouais,2,10.5,Outaouais
F38,Forestry,35-44 years ,Male,No,postgraduate degree,8+ years,4-5 days ,more than 7 hours,4-7 hours,G1V,Quebec City,2,Plusieurs régions,Multiple,2,8.5,Multiple
F39,Forestry,55+ years ,Male,No,postgraduate degree,8+ years,4-5 days ,0-3 hours,4-7 hours,G1V,Quebec City,2,Outaouais,Outaouais,2,9.5,Outaouais
F4,Biology,25-34 years ,Female,No,postgraduate degree,0-3 years,4-5 days ,4-7 hours,more than 7 hours,,,,Laurentides et Outaouais,Multiple,2,14.5,Multiple
F40,Government,35-44 years ,Male,No,"Certificate or diploma from a college, CEGEP or other institution other than university (D.E.C.)",4-7 years ,4-5 days ,0-3 hours,4-7 hours,J0X 2A0,Ladysmith,1,J0X 2A0,Ladysmith,1,10.5,Outaouais
F41,Biology,55+ years ,Male,No,postgraduate degree,8+ years,4-5 days ,0-3 hours,more than 7 hours,J2G 5P3,Granby,3,Montérégie,Montérégie,2,9.5,Montérégie
F42,Unknown,25-34 years ,Female,No,"University certificate, diploma or degree at the undergraduate level (bachelor's degree, etc.) ",0-3 years,4-5 days ,0-3 hours,more than 7 hours,J1H,Sherbrooke,3,Estrie,Estrie,2,6,Estrie
F43,Government,55+ years ,Male,Yes,Certificate or diploma from a trade school (D.E.P.),8+ years,4-5 days ,0-3 hours,0-3 hours,K0A,Ottawa,,,,,10,
F44,Recreation,25-34 years ,Male,No,postgraduate degree,0-3 years,4-5 days ,more than 7 hours,4-7 hours,J1H,Sherbrooke,3,variable. Parfois entre les Sutton et Stoke,Multiple,2,9.5,Estrie
F45,Biology,45-54 years ,Female,No,postgraduate degree,0-3 years,4-5 days ,more than 7 hours,4-7 hours,H7E 5G8,Laval,3,H7E 5G8,Laval,3,9.5,Laval
F46,Biology,45-54 years ,Male,No,postgraduate degree,8+ years,4-5 days ,0-3 hours,more than 7 hours,G1S,Quebec City,2,"Plusieurs région du Québec (Outaouais, Montérégie, capitale-Nationale, Laurentides, Bas-Saint-Laurent, Gaspésie)",Multiple,2,15,Multiple
F47,Biology,35-44 years ,Female,No,"Certificate or diploma from a college, CEGEP or other institution other than university (D.E.C.)",8+ years,4-5 days ,4-7 hours,more than 7 hours,J4K,Longueuil,3,"Montréal, Laval, Montérégie",Multiple,2,11,Multiple
F48,Biology,45-54 years ,Male,No,"Certificate or diploma from a college, CEGEP or other institution other than university (D.E.C.)",8+ years,4-5 days ,4-7 hours,more than 7 hours,G3L,Saint-Raymond,1,G3L,Saint-Raymond,1,9.5,Capitale Nationale
F49,Biology,55+ years ,Female,No,"University certificate, diploma or degree at the undergraduate level (bachelor's degree, etc.) ",8+ years,4-5 days ,4-7 hours,4-7 hours,j4k,Longueuil,3,M'Montérégie,Montérégie,2,14,Montérégie
F5,Unknown,25-34 years ,Male,No,"Certificate or diploma from a college, CEGEP or other institution other than university (D.E.C.)",8+ years,4-5 days ,4-7 hours,4-7 hours,J8Y 4S1,Gatineau,3,Varié selon les projets. Souvent dans les municipalités de Bristol et Clarendon.,Pontiac,2.5,17,Outaouais
F50,Biology,35-44 years ,Female,No,"Certificate or diploma from a college, CEGEP or other institution other than university (D.E.C.)",8+ years,1-3 days,4-7 hours,more than 7 hours,J9L,Mont-Laurier,1,Haute Laurentides territoire non organisé,Multiple,2,8.5,Multiple
F51,Biology,35-44 years ,Male,No,postgraduate degree,8+ years,4-5 days ,0-3 hours,4-7 hours,J9L,Mont-Laurier,1,Laurentides,Laurentides,1.5,7,Laurentides
F52,Biology,45-54 years ,Male,No,postgraduate degree,8+ years,4-5 days ,4-7 hours,more than 7 hours,J4B 6K2 (télétravail...),Boucherville,3,Partout au Québec,Multiple,2,11.5,Multiple
F53,Biology,25-34 years ,Male,No,"University certificate, diploma or degree at the undergraduate level (bachelor's degree, etc.) ",4-7 years ,1-3 days,more than 7 hours,more than 7 hours,J1N,Sherbrooke,3,Partout au Québec,Multiple,2,6.5,Multiple
F54,Biology,45-54 years ,Female,No,postgraduate degree,8+ years,4-5 days ,more than 7 hours,more than 7 hours,J4K,Longueuil,3,,Longueuil,3,10,Montérégie
F55,Biology,35-44 years ,Male,No,"University certificate, diploma or degree at the undergraduate level (bachelor's degree, etc.) ",8+ years,1-3 days,4-7 hours,4-7 hours,J6A,Repentigny,1,Lanaudière et Laurentides,Multiple,2,11,Multiple
F56,Biology,35-44 years ,Female,No,"Certificate or diploma from a college, CEGEP or other institution other than university (D.E.C.)",8+ years,4-5 days ,more than 7 hours,more than 7 hours,J6A,Repentigny,1,Lanaudière,Lanaudière,1.5,8,Lanaudière
F57,Biology,35-44 years ,Male,No,"Certificate or diploma from a college, CEGEP or other institution other than university (D.E.C.)",8+ years,4-5 days ,4-7 hours,4-7 hours,J8E,Mont-Tremblant,1,Laurentides,Laurentides,1.5,5,Laurentides
F58,Biology,45-54 years ,Female,No,"Certificate or diploma from a college, CEGEP or other institution other than university (D.E.C.)",8+ years,4-5 days ,4-7 hours,more than 7 hours,J6A,Repentigny,1,multiple,Multiple,2,13,Multiple
F59,Biology,35-44 years ,Male,No,"Certificate or diploma from a college, CEGEP or other institution other than university (D.E.C.)",8+ years,4-5 days ,more than 7 hours,4-7 hours,J6e,Joliette,2,Jok,Montcalm,1,9,Laurentides
F6,Environment,25-34 years ,Female,No,postgraduate degree,0-3 years,4-5 days ,4-7 hours,4-7 hours,J3G,Beloeil,1,Montérégie et couronne sud de Montréal,Montérégie,2,16.5,Montérégie
F60,Environment,18-24 years,Female,No,"Certificate or diploma from a college, CEGEP or other institution other than university (D.E.C.)",0-3 years,4-5 days ,0-3 hours,4-7 hours,Chelsea,Chelsea,3,Chelsea,Chelsea,3,8,Outaouais
F61,Unknown,25-34 years ,Female,No,"University certificate, diploma or degree at the undergraduate level (bachelor's degree, etc.) ",0-3 years,4-5 days ,0-3 hours,more than 7 hours,G1T,Quebec City,2,Région de la capitale nationale (Portneuf à Côte-de-Beaupré),,1.5,6.5,Capitale Nationale
F62,Biology,35-44 years ,Male,No,"Certificate or diploma from a college, CEGEP or other institution other than university (D.E.C.)",8+ years,4-5 days ,more than 7 hours,more than 7 hours,G3L,Saint-Raymond,1,G3L,Saint-Raymond,1,6,Capitale Nationale
F63,Unknown,45-54 years ,Female,No,"University certificate, diploma or degree at the undergraduate level (bachelor's degree, etc.) ",8+ years,4-5 days ,0-3 hours,more than 7 hours,j3g4s6,Mont-Saint-Hilaire,3,,Mont-Saint-Hilaire,3,4,Montérégie
F64,Recreation,18-24 years,Male,No,High school diploma or equivalent (D.E.S.) ,0-3 years,4-5 days ,more than 7 hours,4-7 hours,J3H,Mont-Saint-Hilaire,3,J3H,Mont-Saint-Hilaire,3,9.5,Montérégie
F65,Recreation,25-34 years ,Male,No,"Certificate or diploma from a college, CEGEP or other institution other than university (D.E.C.)",0-3 years,4-5 days ,more than 7 hours,0-3 hours,J3G,Beloeil,1,J3G,Beloeil,1,14.5,Montérégie
F66,Recreation,55+ years ,Female,No,"University certificate, diploma or degree at the undergraduate level (bachelor's degree, etc.) ",8+ years,4-5 days ,0-3 hours,0-3 hours,J3h,Mont-Saint-Hilaire,3,,Mont-Saint-Hilaire,3,7,Montérégie
F68,Recreation,55+ years ,Male,No,"University certificate, diploma or degree at the undergraduate level (bachelor's degree, etc.) ",4-7 years ,1-3 days,more than 7 hours,more than 7 hours,J3G,Beloeil,1,J3G,Beloeil,1,8,Montérégie
F69,Recreation,55+ years ,Male,No,"University certificate, diploma or degree at the undergraduate level (bachelor's degree, etc.) ",4-7 years ,1-3 days,more than 7 hours,more than 7 hours,J3G 4S6,Beloeil,1,J3G 4S6,Beloeil,1,8,Montérégie
F7,Biology,35-44 years ,Female,No,"University certificate, diploma or degree at the undergraduate level (bachelor's degree, etc.) ",8+ years,1-3 days,more than 7 hours,0-3 hours,J3G,Beloeil,1,J0P,Vaudreuil-Soulanges,2,13,Montérégie
F70,Maintenance,35-44 years ,Male,Yes,Certificate or diploma from a trade school (D.E.P.),8+ years,4-5 days ,0-3 hours,4-7 hours,j3g,Beloeil,1,j3g,Beloeil,1,9,Montérégie
F71,Recreation,55+ years ,Male,No,"University certificate, diploma or degree at the undergraduate level (bachelor's degree, etc.) ",0-3 years,1-3 days,more than 7 hours,more than 7 hours,J3H4E3 ,Mont-Saint-Hilaire,3,J3H4E3 ,Mont-Saint-Hilaire,3,9,Montérégie
F73,Recreation,35-44 years ,Male,No,"Certificate or diploma from a college, CEGEP or other institution other than university (D.E.C.)",4-7 years ,4-5 days ,0-3 hours,4-7 hours,Montérégie,Montérégie,2,Montérégie,Montérégie,2,10,Montérégie
F74,Environment,18-24 years,Male,No,"Certificate or diploma from a college, CEGEP or other institution other than university (D.E.C.)",0-3 years,4-5 days ,4-7 hours,0-3 hours,J3g 4s6,Beloeil,1,Réserve de la biosphère du mont st-hilaire,Mont-Saint-Hilaire,3,11.5,Montérégie
F75,Environment,35-44 years ,Male,No,"Certificate or diploma from a college, CEGEP or other institution other than university (D.E.C.)",8+ years,4-5 days ,4-7 hours,more than 7 hours,J3G,Beloeil,1,J/G,Beloeil,1,2.5,Montérégie
F76,Environment,25-34 years ,Female,No,"University certificate, diploma or degree at the undergraduate level (bachelor's degree, etc.) ",0-3 years,4-5 days ,0-3 hours,0-3 hours,J3G,Beloeil,1,J3G,Beloeil,1,5.5,Montérégie
F77,Biology,25-34 years ,Female,No,postgraduate degree,4-7 years ,4-5 days ,0-3 hours,4-7 hours,J3G,Beloeil,1,J3G,Beloeil,1,7,Montérégie
F78,Biology,35-44 years ,Male,No,postgraduate degree,8+ years,4-5 days ,0-3 hours,4-7 hours,H9X,Baie-D'Urfé,3,"Montréal, Laval, Montérégie, Laurentides, Mauricie",Multiple,2,8.5,Multiple
F79,Unknown,35-44 years ,Female,No,postgraduate degree,4-7 years ,4-5 days ,4-7 hours,4-7 hours,G0C 2B0,New Richmond,1,G0C 2B0,New Richmond,1,10.5,Gaspésie–Îles-de-la-Madeleine
F8,Environment,25-34 years ,Male,No,"University certificate, diploma or degree at the undergraduate level (bachelor's degree, etc.) ",0-3 years,4-5 days ,more than 7 hours,4-7 hours,J3G,Beloeil,1,J4M,Longueuil,3,8.5,Montérégie
F80,Forestry,25-34 years ,Male,No,"University certificate, diploma or degree at the undergraduate level (bachelor's degree, etc.) ",0-3 years,4-5 days ,more than 7 hours,4-7 hours,J0K,Matawinie,1.5,J0S,Matawinie,1.5,15,Lanaudière
F81,Maintenance,35-44 years ,Female,No,postgraduate degree,4-7 years ,4-5 days ,more than 7 hours,more than 7 hours,G7J,Chicoutimi,2,,Saguenay,1,11,Saguenay–Lac-Saint-Jean
F82,Biology,45-54 years ,Male,No,"University certificate, diploma or degree at the undergraduate level (bachelor's degree, etc.) ",8+ years,4-5 days ,more than 7 hours,more than 7 hours,J6A,Repentigny,1,Lanaudière,Lanaudière,1.5,14,Lanaudière
F83,Forestry,55+ years ,Male,No,"University certificate, diploma or degree at the undergraduate level (bachelor's degree, etc.) ",8+ years,4-5 days ,4-7 hours,more than 7 hours,450,La Haute-Yamaska,2.5,J0S,Matawinie,1.5,13,Lanaudière
F84,Biology,25-34 years ,Male,No,"University certificate, diploma or degree at the undergraduate level (bachelor's degree, etc.) ",0-3 years,4-5 days ,4-7 hours,more than 7 hours,g6x,Lévis,2,Chaudière-Appalaches,,1.5,8,Chaudière-Appalaches
F85,Biology,35-44 years ,Female,No,postgraduate degree,8+ years,4-5 days ,0-3 hours,more than 7 hours,J6A,Repentigny,1,Lanaudière,Lanaudière,1.5,8,Lanaudière
F87,Biology,25-34 years ,Male,No,"Certificate or diploma from a college, CEGEP or other institution other than university (D.E.C.)",4-7 years ,1-3 days,4-7 hours,more than 7 hours,J6A 4X6,Repentigny,1,J0H,La Vallée-du-Richelieu,3,8.5,Montérégie
F88,Biology,25-34 years ,Female,No,postgraduate degree,4-7 years ,4-5 days ,more than 7 hours,more than 7 hours,g1n,Quebec City,2,,Quebec City,2,12.5,Capitale Nationale
F89,Biology,35-44 years ,Female,No,"Certificate or diploma from a college, CEGEP or other institution other than university (D.E.C.)",8+ years,4-5 days ,4-7 hours,more than 7 hours,J6A,Repentigny,1,Variable,Multiple,2,10.5,Multiple
F9,Environment,25-34 years ,Male,No,postgraduate degree,0-3 years,4-5 days ,4-7 hours,0-3 hours,J3G 0A4,Beloeil,1,Montérégie,Montérégie,2,8.5,Montérégie
F90,Forestry,35-44 years ,Female,No,"University certificate, diploma or degree at the undergraduate level (bachelor's degree, etc.) ",4-7 years ,4-5 days ,more than 7 hours,more than 7 hours,G6G,Thetford Mines,1,"MRC Beauce-Centre, MRC Appalaches, MRC Beauce-Sartigant, MRC Nouvelle-Beauce, MRC Lotbinière-Mégantic.",Multiple,2,13,Multiple
F91,Forestry,55+ years ,Male,Prefer not to answer,Certificate or diploma from a trade school (D.E.P.),8+ years,4-5 days ,4-7 hours,more than 7 hours,J8H,Lachute,2,J8G,Brownsburg-Chatham,2,14.5,Laurentides
F92,Forestry,55+ years ,Female,No,"University certificate, diploma or degree at the undergraduate level (bachelor's degree, etc.) ",8+ years,4-5 days ,0-3 hours,4-7 hours,Montérégie ouest,Montérégie,2,J0S1H0,Hinchinbrooke,3,17.5,Montérégie
F93,Forestry,25-34 years ,Male,No,"University certificate, diploma or degree at the undergraduate level (bachelor's degree, etc.) ",4-7 years ,4-5 days ,4-7 hours,4-7 hours,J6E,Joliette,2,Lanaudière,Lanaudière,1.5,10,Lanaudière
F94,Forestry,25-34 years ,Male,No,"University certificate, diploma or degree at the undergraduate level (bachelor's degree, etc.) ",0-3 years,4-5 days ,4-7 hours,4-7 hours,G6G,Thetford Mines,1,"Chaudière-Appalaches, Estrie et Centre du Québec",Multiple,2,7,Multiple
F95,Forestry,35-44 years ,Female,No,"University certificate, diploma or degree at the undergraduate level (bachelor's degree, etc.) ",8+ years,1-3 days,0-3 hours,more than 7 hours,G0M,Saint-Georges,2,G0M,Saint-Georges,2,10.5,Chaudière-Appalaches
F96,Biology,18-24 years,Male,No,"Certificate or diploma from a college, CEGEP or other institution other than university (D.E.C.)",0-3 years,4-5 days ,4-7 hours,4-7 hours,G4V,Sainte-Anne-des-Monts,1,Parc de la Gaspésie et la foret aux alentours,,1,9.5,Gaspésie–Îles-de-la-Madeleine
F97,Maintenance,25-34 years ,Male,No,"University certificate, diploma or degree at the undergraduate level (bachelor's degree, etc.) ",0-3 years,4-5 days ,0-3 hours,more than 7 hours,G0M,Saint-Georges,2,Beauce,Beauce,1.5,6,Chaudière-Appalaches
F98,Education,35-44 years ,Male,No,"University certificate, diploma or degree at the undergraduate level (bachelor's degree, etc.) ",8+ years,4-5 days ,more than 7 hours,more than 7 hours,G0j,Cap-Chat-Est,1,G0J,La Haute-Gaspésie,1,16.5,Gaspésie–Îles-de-la-Madeleine
F99,Forestry,35-44 years ,Male,No,Certificate or diploma from a trade school (D.E.P.),8+ years,4-5 days ,more than 7 hours,4-7 hours,G6B,Le Granit,1.5,J0E,Brome-Missisquoi,2,15.5,Estrie
S1,Agriculture,25-34 years,Male,No,"No certificate, diploma or degree",4-7 years,6-7 days,more than 7 hours,more than 7 hours,G0N 1C0,Sainte-Clotilde-de-Beauce,1,G0N 1C0,Sainte-Clotilde-de-Beauce,1,12,Chaudière-Appalaches
S11,Agriculture,25-34 years,Male,No,"No certificate, diploma or degree",4-7 years,6-7 days,more than 7 hours,more than 7 hours,St clotilde,Sainte-Clotilde-de-Beauce,1,St clotilde,Sainte-Clotilde-de-Beauce,1,5,Chaudière-Appalaches
S12,Agriculture,25-34 years,Male,Prefer not to answer,"No certificate, diploma or degree",4-7 years,6-7 days,more than 7 hours,more than 7 hours,St clotilde,Sainte-Clotilde-de-Beauce,1,,Sainte-Clotilde-de-Beauce,1,10,Chaudière-Appalaches
S13,Agriculture,35-44 years ,Male,No,High school diploma or equivalent (D.E.S.) ,4-7 years,6-7 days,more than 7 hours,more than 7 hours,St clotilde,Sainte-Clotilde-de-Beauce,1,,Sainte-Clotilde-de-Beauce,1,9,Chaudière-Appalaches
S14,Agriculture,25-34 years,Male,No,High school diploma or equivalent (D.E.S.) ,4-7 years,6-7 days,more than 7 hours,more than 7 hours,,Sainte-Clotilde-de-Beauce,1,,Sainte-Clotilde-de-Beauce,1,9,Chaudière-Appalaches
S15,Agriculture,25-34 years,Male,No,"No certificate, diploma or degree",0-3 years,6-7 days,more than 7 hours,more than 7 hours,,Sainte-Clotilde-de-Beauce,1,,Sainte-Clotilde-de-Beauce,1,8.5,Chaudière-Appalaches
S17,Agriculture,35-44 years ,Male,No,High school diploma or equivalent (D.E.S.) ,0-3 years,6-7 days,more than 7 hours,0-3 hours,,Sainte-Clotilde-de-Beauce,1,,Sainte-Clotilde-de-Beauce,1,12.5,Chaudière-Appalaches
S18,Agriculture,25-34 years,Male,No,"No certificate, diploma or degree",0-3 years,6-7 days,more than 7 hours,more than 7 hours,,Sainte-Clotilde-de-Beauce,1,,Sainte-Clotilde-de-Beauce,1,12,Chaudière-Appalaches
S3,Agriculture,35-44 years ,Male,No,High school diploma or equivalent (D.E.S.) ,8+ years,6-7 days,more than 7 hours,0-3 hours,G0N1C0,Sainte-Clotilde-de-Beauce,1,G0N1C0,Sainte-Clotilde-de-Beauce,1,12,Chaudière-Appalaches